nome,email,telefone,data_nascimento
Manuela Silva,pedro-henriquepinto@barbosa.net,41 7574-5168,1973-01-11
Evelyn Moraes,lorenzoviana@gmail.com,51 0769 9021,1975-05-21
Sr. Caio Fernandes,joao-felipeferreira@da.com,+55 (031) 2963 9706,1969-01-10
Levi Ribeiro,ncardoso@mendes.org,(061) 0565-9192,1996-08-31
Mariana Santos,melogabriela@gmail.com,0900-451-6389,1981-12-25
Ana Clara Rezende,nunesjoao-pedro@campos.com,+55 41 7000 5058,1978-10-25
Sra. Maria Clara Rodrigues,davi-luccafreitas@yahoo.com.br,+55 21 5665 3998,2004-12-07
Benjamin Gomes,sda-cruz@gmail.com,+55 61 7600 1054,1976-05-05
Maria Fernanda Azevedo,pmartins@cardoso.org,11 7609 5040,1971-02-27
Srta. Mariane Campos,cauacampos@yahoo.com.br,(051) 4212 7079,2006-12-18
Davi da Mata,lara05@da.org,+55 (071) 2211 4089,1975-06-18
Maria Alice Rodrigues,isismendes@duarte.br,+55 (084) 5207 1719,1989-07-11
Noah Moreira,barrosbarbara@rocha.br,(011) 1172-2573,1974-10-21
Vitor Gabriel Farias,rda-costa@nogueira.net,(084) 9111 2506,1975-08-10
Júlia Souza,pereiradaniela@sales.net,+55 (071) 7572-2538,1989-09-24
Sr. Kevin Dias,lavinia81@gmail.com,84 0238 9875,1964-06-01
Stella Cavalcanti,maria-julia84@uol.com.br,+55 (051) 2511 3085,2000-03-27
Vinicius Cavalcanti,isadorasantos@hotmail.com,+55 (011) 5935-8195,1997-06-30
Guilherme Teixeira,idias@bol.com.br,31 4453-5643,2003-09-03
Sr. Calebe Castro,ksouza@uol.com.br,0500-805-7476,1980-12-03
Gustavo Ribeiro,rdias@uol.com.br,(071) 6682 4291,1984-01-28
Raul Peixoto,qda-cruz@goncalves.com,+55 84 9452-0012,1986-11-06
Dr. João Gabriel Carvalho,oliveiranina@gmail.com,21 7053-7873,1994-12-09
Amanda Barros,costaana-laura@gmail.com,(084) 5896 9270,1969-05-12
Thiago Costela,enovaes@rocha.br,31 7846 7865,1967-06-15
Pedro Miguel da Rocha,nunesgustavo@da.br,21 1954-5602,1982-06-18
Antônio Caldeira,emillyalves@yahoo.com.br,(021) 9128 6462,1994-09-05
Arthur Campos,fogacabreno@sales.org,+55 41 1430-5463,1979-03-12
Yuri Souza,lda-conceicao@da.com,(021) 2057 0086,2004-03-21
Dra. Juliana Ribeiro,nunesotavio@cardoso.com,0900 658 8512,1980-02-11
Otávio Alves,thalescampos@ig.com.br,(021) 0429 7629,1998-04-23
Daniel Costa,pedro-henrique24@ig.com.br,0500 358 5434,1975-02-04
Juliana Vieira,poliveira@ramos.br,+55 31 0834 5621,1997-08-22
Marcela da Rosa,da-motajoao-lucas@hotmail.com,(051) 2703-7726,1996-01-04
Dr. Vicente Moura,mvieira@pires.br,(011) 4777 8375,1965-03-19
Dra. Lara Cardoso,vviana@souza.net,+55 51 2595 6189,1971-01-19
Giovanna Freitas,mcavalcanti@santos.net,+55 21 6937-3748,1967-02-15
Camila Azevedo,da-cunhamelissa@bol.com.br,+55 71 8122 6687,2000-01-27
Sr. Luiz Otávio da Rocha,lucascorreia@uol.com.br,+55 21 5380-3799,2001-01-30
Maria Oliveira,enzo-gabrielfarias@jesus.net,11 9741 5131,1998-08-25
Sr. Murilo Nogueira,ana-luiza58@gmail.com,(051) 1916 6363,2000-07-13
Juliana Rezende,nbarbosa@pereira.net,11 0897-9727,1996-11-03
Sr. Lucas Gabriel Pereira,rodrigoda-mata@fernandes.br,51 7033 8890,1976-06-27
Dra. Amanda Vieira,luiz-fernandocampos@yahoo.com.br,+55 (071) 5716 1332,2000-11-24
João Silveira,rezendeana-livia@yahoo.com.br,21 4705-9132,1991-11-21
Luiz Fernando Gonçalves,joaquimoliveira@yahoo.com.br,(011) 3539-0123,1984-10-03
Raquel da Cunha,isabella50@alves.net,+55 (051) 6331-5606,1991-03-19
Maria Clara Ferreira,emanuellaribeiro@silveira.com,+55 51 2523 6190,2001-06-08
Joana da Rosa,cardosodaniela@uol.com.br,+55 (011) 7098-2519,1964-12-19
Dra. Agatha Freitas,theocampos@bol.com.br,+55 71 0307 8677,1977-01-20
Maria Julia Cardoso,pporto@sales.br,11 0116 0835,2003-07-24
Raquel Nascimento,nicoleda-cunha@bol.com.br,0300-935-1678,1983-10-11
Noah Gomes,caualopes@monteiro.br,0500-139-4525,1974-01-31
Carlos Eduardo Gomes,ryan30@bol.com.br,+55 (051) 3617-4425,1999-01-14
Amanda Teixeira,pereirapietra@yahoo.com.br,(081) 0877 8719,1983-12-25
Heloísa Fogaça,hcampos@ig.com.br,+55 (021) 8421-8023,1986-10-12
Giovanna Almeida,nathancampos@martins.net,(031) 6680 5119,1980-03-17
Yago Costa,kamilly68@ig.com.br,+55 (051) 6197-2338,1979-11-21
Stella Sales,ana-vitoriaduarte@almeida.br,+55 (031) 5238-1301,1965-03-26
Sra. Milena da Cruz,fernanda46@uol.com.br,41 8854-2747,1973-04-08
Srta. Mariane Nogueira,vcarvalho@gmail.com,0300-562-0203,1974-07-20
Alice Moreira,marcelafernandes@sales.net,+55 21 2099-2548,1973-11-24
Carlos Eduardo da Costa,heloisacorreia@nunes.org,31 8309-3006,1993-10-21
Olivia Rocha,salesmirella@duarte.net,(011) 4427-6846,1991-12-09
Eduarda Campos,joao-miguelmendes@ribeiro.br,+55 (071) 0804-0787,2007-04-23
Eduarda Aragão,joana87@pires.br,+55 71 5405 0238,1971-02-14
Theo da Rosa,amendes@cavalcanti.com,84 2542 6234,1966-06-19
Dr. Kevin Silveira,oliviada-paz@yahoo.com.br,+55 (061) 3146-5158,1970-10-15
Vitória Martins,da-cunhastephany@ig.com.br,31 5325-6882,1997-09-02
Srta. Maria Eduarda Aragão,mendesluiza@ribeiro.com,+55 (051) 8657-9109,2002-05-02
Luiz Henrique Azevedo,henriquemoura@nascimento.com,51 7409 0047,1980-11-15
Davi Lopes,hnunes@bol.com.br,+55 (084) 2684 9590,1995-01-04
Lucca Nascimento,fernandesdiego@lopes.com,(031) 4669-8978,1969-06-20
Renan Gonçalves,camila66@uol.com.br,+55 11 3571-9146,2003-10-01
Rebeca Aragão,bruna90@yahoo.com.br,0500-901-9149,1986-11-04
Carlos Eduardo Porto,da-conceicaokaique@goncalves.br,+55 (031) 3300-8387,1979-09-26
Gustavo Henrique Melo,brenda09@nascimento.br,(021) 9340 2009,1987-08-13
Gabriela Azevedo,nicolassales@hotmail.com,+55 41 2156-6326,1995-05-25
Matheus Peixoto,ivieira@ig.com.br,+55 71 8735-2673,1965-01-15
Gabrielly Rocha,nicolaspinto@uol.com.br,+55 31 8771 1526,2006-11-27
Antônio da Mota,maria-aliceda-mota@ribeiro.com,+55 (021) 9643 7366,1998-07-09
Lara Ramos,pedro80@viana.com,+55 51 4278 8328,1981-12-13
Emilly Sales,lara69@cardoso.org,+55 84 5322-4984,2002-07-13
Maria Luiza Pinto,melissa63@gmail.com,31 6581-2160,1984-10-16
Pedro Lucas Rezende,enrico95@moreira.br,+55 21 7165-1763,1973-09-25
Maria Alice Dias,duartepedro-henrique@gmail.com,71 9059 3213,1988-01-03
Marcos Vinicius da Rosa,wmoura@costela.com,41 5318 0597,2005-10-17
Isabel Alves,dporto@uol.com.br,(011) 1193-3755,1986-07-23
Sr. Guilherme Jesus,cda-paz@azevedo.net,0900-233-6523,1993-10-23
Thomas Duarte,dnascimento@yahoo.com.br,+55 81 3694 0091,1994-04-08
João Vitor Azevedo,davi-lucaspires@rezende.com,41 6717 8989,1999-07-27
Yuri Nascimento,pmelo@freitas.com,+55 21 5238 5518,1970-04-22
Anthony Nogueira,joao05@hotmail.com,(041) 2241 4649,1983-08-13
Enzo Ramos,davi-lucascastro@bol.com.br,71 0552 4824,2006-08-01
Dra. Emanuelly Novaes,theo38@novaes.net,71 3817-3206,1970-08-17
Caroline Silveira,nascimentothomas@moreira.br,(031) 8390 9956,1970-07-18
Ana Clara Ramos,zmartins@da.br,(011) 8801-2269,1972-03-25
Davi Lucas Ramos,rebeca15@hotmail.com,(071) 4667-0130,1979-06-15
Ana Laura Santos,vteixeira@aragao.br,0300-986-9141,1992-11-26
Sra. Julia Rodrigues,qcampos@bol.com.br,+55 11 3373-1566,1978-03-24
Bernardo da Paz,yagocardoso@yahoo.com.br,+55 (041) 6590-7807,2002-11-09
Levi da Cunha,thomas70@uol.com.br,+55 (041) 2738 7368,1970-09-23
Maria Fernanda da Costa,leonardobarros@ig.com.br,+55 61 1732-1406,1999-11-25
Joaquim Oliveira,qvieira@ig.com.br,+55 61 5766 3492,1991-07-31
Sr. João Pedro da Conceição,calebemelo@da.org,51 7185 1442,1966-07-24
Antônio Porto,levi99@hotmail.com,(021) 1344 2734,1980-12-12
João Felipe da Luz,aazevedo@yahoo.com.br,+55 (051) 0626 3965,2005-09-09
João Miguel Cavalcanti,calebenovaes@cunha.br,+55 61 2636-5319,1991-01-08
Lorenzo Mendes,arocha@ferreira.com,(071) 6029 2906,1966-12-02
Dra. Elisa Castro,osilva@fernandes.com,81 4271-5091,2000-07-01
Dr. Bernardo Cardoso,silvaluana@ig.com.br,0500-662-1784,1976-12-07
Srta. Melissa Pinto,maria-julianogueira@hotmail.com,+55 41 2290 2862,1979-07-18
Sra. Mirella Pinto,otaviolima@yahoo.com.br,+55 (061) 7851-6331,1969-12-20
João Lucas Cavalcanti,fsilva@silva.com,(084) 5935 9223,1989-11-30
Alexandre da Paz,valentinafreitas@barbosa.br,+55 (031) 8666-0986,1966-01-25
Pedro Henrique Cavalcanti,vianalara@ribeiro.br,(031) 4387 9042,1972-09-13
Ana Júlia Cavalcanti,gomesvitor-hugo@pereira.org,71 2328 9813,1987-09-12
